question,answer
"Слово «философия» с древнегреческого языка переводится как «любовь к мудрости», что в современном понимании философии значит стремление к знанию, определению его методов и критериев.",Да
"Этический рационализм предполагает, что знание является высшим идеалом и критерием моральных и нравственных оценок.",Да
"Метод Г.В.Ф. Гегеля предполагал, что необходимо рассматривать вещи в их целостности и неизменности.",Нет
Идеалы научного математического знания определили развитие философии в Новое время.,Да
"Прежде, чем появился научный (философский) тип мировоззрения, существовали религиозный и мифологический.",Да
"В наше время, также как и ранее, не прекращаются попытки построить общее учение о методе.",Да
"Мировоззрение является одним из разделов философии, проясняющим отношение «Человек-Мир».",Нет
"История древних греков не легенда, а исследование, и именно поэтому она не теократична, а - ...",гуманистична
История получила распространение в период мировоззренческого кризиса. Свою очевидность утрачивает:,истина мифа
"Произведения, соответствующие римскому политическому могуществу и описывающие его создал следующий историк:",все вышеперечисленные (Тит Ливий; Тацит; Полибий)
"Человек был элементом природы/хаоса в античной истории, сама же она была историей свершающегося постоянно Космоса. В силу этого античная история:",циклична и космична
Какое событие лишило человека доверия к окружавшей действительности и дало начало новому витку развития истории как науки?,падение Римской империи
"Для христианства исторический процесс одинаков, его процесс для всех един. Это происходит потому, что:",все люди и все народы вовлечены в осуществление божественных предначертаний
Христианское линейное понимание времени и истории сохраняло свое влияние очень долго. До какого времени?,до эпохи Просвещения
Историки христианства относили апокалиптический момент истории к:,все вышеперечисленное (изобретению книгопечатания; Французской революции; научному развитию и движению XVII века)
Проводник хилиазма Иоахим Флорский предвещал наступление Царства Святого духа:,в 1260 году
"В учении Иоахима Флорского четко видится тенденция, нашедшая свое место в учениях утопистов XVI-XVII веков, которые, в свою очередь, непосредственно предшествовали возникновению исторического мировоззрения. Это – ...",социальная заинтересованность
К XVI веку идея творения и спасения меняется на идею...,творчества
Первым указывает на фактический характер истории:,Дж. Вико
"Вико рассматривает исторический процесс в качестве явления, в котором не просто происходят некие факты, но люди творят языки, государства, нравы. То есть, он:",видит в истории историю возникновения и развития человеческих обществ и их институтов
Для Джамбаттисты Вико история – это:,"непрерывное настоящее, представляющее собой становящееся новое общество"
Два основных прямых последователя Вико в XIX веке:,И.Г. Гердер и И.Г. Фихте
О чем сообщает появление в XIX веке понятия «нация»?,"о том, в это время появляется огромное число людей, активно заявляющей о своей социальной позиции, зарождаются общности, воспринимающие себя как единую силу"
Важным для содержания исторического факта является сопоставление исторического процесса и ...,уровня развития конкретного общества
"Социальные катастрофы, войны, проблемы первой половины ХХ века лишили Европу и человечество иллюзии о том, что:","человеческий разум нравственен сам по себе и прогресс заключается в том, чтобы общество могло предоставить наибольшие возможности для реализации свободы"
Двигателем буржуазной цивилизации является:,классовый конфликт
"Переход к современному финансовому капитализму не смог бы состояться, если бы западными странами не осуществлялась политика",колониализма и неоколониализма
Посткапиталистическое производство стремится к:,тотализации пространства человеческого бытия
"Августин иллюстрирует идею о сотворении неба и земли Богом, противопоставляя их сотворение:",созданию вещи мастером
"Августин в числе прочих определяет следующие «составляющие» мастера, которые сотворены Богом:","тело, душу, талант"
"Августину не нравится идея о том, что Бог сотворил землю и небо своими словами, облеченными в телесную форму, поскольку:","это означает, что до сотворения земли и неба уже было телесное существо, могущее их произнести"
"Р. Коллингвуд исходит из того, что прошлое как специфический объект может быть познан при помощи:",ничего из перечисленного (математики; теологии; естественных наук)
"С точки зрения Р. Коллингвуда, понять прошлое – не то же самое, что понятьисторию как науку. Поэтому чтобы понять, что такое история как наука",нужно иметь исторические знания и опыт рефлексии
"Основная ценность науки истории, по Р. Коллингвуду, в том, что она может дать ответ на вопрос, что представляет собой человек. Это происходит потому, что история может определить",что человек смог сделать за прошедшие столетия
"С точки зрения А. Тойнби, самое важное в истории XX в. это",воздействие западной цивилизации на другие
"Согласно А. Тойнби, понимание истории народа или страны зависит от цивилизации, к которой они относятся, то есть:",от наименьшего необходимого исторического контекста
"Большая часть цивилизаций, называемых А. Тойнби, может быть символически обозначена посредством",исповедуемой религии
"Главная критика Франком рационалистической философии истории заключается в утверждении, что две ее главные предпосылки ложны, поскольку:","история движется независимо от развития умственного развития, и жизнь человека от него зависит не всегда"
"Франк считает, что смысл истории может быть реализован только в том случае, если:","каждая эпоха имеет свое значение, а также является творцом и проводником этого смысла"
"Франк утверждает, что:",человечество способно осознать себя на любой стадии истории
"По С.Л. Франку «ложный» тип философии истории заключается в том, чтобы понять:",цель исторического развития
"С позиции Р. Коллингвуда, основной вопрос философии истории:",Как наука история познает прошлое?
"Отношение к человеку как к особому существу, выделяющемуся из остального мира, возникло и утвердилось не сразу, а только к эпохе Возрождения.",Нет
"Эволюционизм как способ понимания развития человечества, вместе с гуманизмом, противостоял колониализму и дарвинизму.",Нет
Понимание человека как субъекта в эпоху Просвещения развивается в механистическом духе.,Да
"И.Кант одновременно придерживался точек зрения, что человек не свободен от законов природы, и что его можно рассматривать как свободное существо.",Да
"Особенность позиции всех ученых-естествоиспытателей в том, что человек является одним из элементов развития природы, равным другим ее элементам.",Нет
"Психоанализ тоже можно считать одним из направлений, исследовавших сущность человека в XX в.",Да
"Такая область бытия человека, как экзистенциальный выбор, становится основным предметом исследования структурализма.",Нет
"Любовь, по Гегелю – осознание единства с другим человеком.",Да
"В браке, по Гегелю, содержатся два важных аспекта: момент природной жизненности и духовное единство.",Да
Гегель определяет брак как чистую духовную любовь.,Нет
"Брак в себе для Гегеля – нерасторжим, поскольку нравственная сторона возвышается над влечением, влюбленностью. Выступая в качестве только лишь модальности, влечение уходит на второй план.",Да
"Гегель выделяет основную цель брака, считая, что брак как единство существует для продолжения рода.",Нет
"Гегель приводит доводы против брака между родственниками. Его тезис в том, что против такого брака восстает понятие самого предмета.",Да
"Э.Фромм полагает, что старость – это универсальный общечеловеческий феномен, характерный для всех культур.",Нет
"Э.Фромм видит проблему современной индустрии развлечений в том, что она провоцирует человека испытывать разнообразные чувства, обогащая его в этом отношении, но отвлекая от работы и семьи.",Нет
"Согласно Фромму, одним из важнейших направлений развития человека является его становление в качестве личности, одновременно связанной с миром и независимой от него.",Да
"Предметы, удовлетворяющие духовные потребности, в отличие от базовых, могут сопротивляться потреблению.",Нет
"Г.-Г. Гадамер полагает, что философия использует понятия в качестве инструментов познания реальности.",Нет
"Согласно Г.-Г. Гадамеру, требование использовать только те понятия, которые определены полностью и самым точным образом, приводит не к познанию мира, а к тому, что разум уходит сам в себя, отрываясь от опыта.",Да
"Г.-Г. Гадамер полагает, что предмет философии – это язык, так как даже обыденное мышление зависит от смысла слов в языке.",Нет
"Согласно Г.-Г. Гадамеру, различные подходы к постановке одного и того же вопроса в истории философии скрывают одну и ту же теоретическую проблему.",Нет
"По Г.-Г. Гадамеру, человек, разрабатывающий новые вопросы и делающий открытия в области познания, сталкивается с проблемой отсутствия подходящего языка для объяснения своих находок.",Да
"Ф.Энгельс полагал, что религиозные представления происходят из примитивных знаний людей о мире, в отличие от философии, основной вопрос которой связан с научным познанием мира.",Нет
"Согласно Ф.Энгельсу, проблема философии состоит в том, что она не ставит вопрос о возможности иметь правильное представление об окружающем мире, познать и понять его.",Нет
"Ф.Энгельс полагал, что материализм, как и идеализм, видоизменялся с ходом времени.",Да
"Ф.Энгельс высказывается в том духе, что, поскольку у всякого человека есть сознание и самосознание, всех можно назвать идеалистами.",Да
"Ф.Энгельс полагал, что, хотя мир и находится в постоянном изменении, прогресс наших знаний о нем возможен.",Да
Эстетика как философская наука рассматривает все возможные смыслы понятия «прекрасное».,Нет
"Современная эстетика как философская наука не ограничивается исследованием прекрасного, красоты.",Да
Важнейший для эстетики анализ гармонии как объективном свойстве вещей провел И. Кант.,Нет
"И. Кант считал, что мы воспринимаем в качестве прекрасного предмет, когда у нас нет к нему заинтересованного отношения.",Да
"Эстетический опыт не обязательно является чем-то редким и уникальным; восприятие, например, красоты может сопутствовать другим видам восприятия.",Да
"Особенностью эстетических категорий является то, что они независимы от истории и культуры, едины у всех народов и эпох.",Нет
"И. Кант приходит к выводу, что суждение вкуса обязательно содержит в себе логический компонент.",Нет
"И. Кант утверждает, что суждение вкуса никогда не указывает на привязанность субъекта к предмету, о котором суждение выносится.",Да
"Согласно И.Канту, достаточно чувствовать, что нечто приятно, чтобы эта вещь стала для нас либо целью, либо средством для чего-либо.",Нет
"И.Кант полагает, что приятное и хорошее тождественны.",Нет
"И.Кант замечает, что счастье во всей его полноте еще не есть для человека высочайшее благо.",Да
"Согласно И.Канту, для суждения вкуса не требуется понимания того, существует нравящийся предмет или нет.",Да
"И.Кант полагает, что приятное ощущают и животные, а красота значима только для людей.",Да
"Франк считает, что существует три основных типа философии истории.",Нет
"По Франку философия истории «ложного» типа опирается на веру в прогресс, на достижение некоего идеального состояния общества.",Да
"Сущностный, главный смысл истории, по Франку, - это не исследование линейного процесса развития, а постижение цельного образа человечества и его духа.",Да
"История, по Франку, может быть только временной последовательностью, в которой всё стремится к некоему логическому завершению.",Нет
"Философия истории – самостоятельная наука, имеющая своим предметом жизнь человека в ее цельности, следовательно она может опираться только на строгую методологию.",Нет
"По Ф.Энгельсу, род достигает своего расцвета на высшей ступени дикости.",Нет
Первым общественным разделением труда Ф.Энгельс называет отделение пастушеских племен.,Да
"Ф.Энгельс утверждает, что освобождение женщины возможно только тогда, когда промышленность предоставит ей возможность меньше заниматься домашним трудом, когда крупное производство начнет нуждаться в труде женщины.",Да
"Класс купцов, который возникает с цивилизацией, по Ф.Энгельсу, в конце концов создает свой собственный продукт. А именно – деньги.",Нет
Ф.Энгельс согласен с Гегелем в его трактовке государства как «образа и действительности разума».,Нет
"Ф.Энгельс утверждает, что не бывает государства без эксплуатации.",Да
Понятие «культуры» напрямую связано с понятием «человек».,Нет
"Он всегда неудовлетворен условиями своей жизни, всегда доволен собой и всегда стремится взять власть в свои руки, - так Х. Ортега-и-Гассет описывал представителя именно массовой культуры.",Да
Игровая теория культуры Й.Хейзинги стала одной из важнейших в XX в.,Да
Важнейшим термином в игровой теории культуры Й.Хейзинги стал «симулякр».,Нет
Развитие теории «метанарратива» характерно для культуры Нового времени.,Нет
"С научной точки зрения, каналы медиа – не более чем средство передачи информации, посредники между субъектами, обменивающимися сообщениями.",Нет
"Х. Ортега-и-Гассет утверждает, что подлинная цель человека – поиск высшего начала.",Да
Наихудшей из опасностей для европейской цивилизации Х. Ортега-и-Гассет считает общество потребления,Нет
Х. Ортега-и-Гассет определяет власть как механизм общественного устройства и управления.,Да
"С точки зрения Х. Ортега-и-Гассета, государство в подлинном виде появилось в Европе с приходом на историческую сцену буржуазии.",Да
"С точки зрения Х. Ортега-и-Гассета, массовый человек для реализации своих желаний организуется в гражданское общество и прибегает к его помощи.",Нет
"Платон приходит к выводу, предметом истинного познания может быть только то, что вечно и не меняется.",Да
"Согласно Платону, поэты должны быть изгнаны из идеального государства потому, что пропагандируют понятийное, мыслительное освоение мира.",Нет
"Древнегреческое слово «космос» значит нечто прекрасно организованное, гармоничное, поэтому от этого слова происходит «косметика».",Да
"В Новое время, начиная с Декарта и Бэкона, мышление утрачивает или отказывается от власти авторитетов, вследствие чего падает значимость и понятия познающего субъекта.",Нет
В Новое время можно выделить два философских направления: эмпиризм и рационализм.,Да
"Предмет нашего познания независим от познающего субъекта, рассуждал И.Кант.",Нет
"Согласно Э. Гуссерлю, «естественная установка» состоит в убеждении, что нам даны вещи так, как они есть сами по себе.",Да
Вопрос о соотношении человека и общества издавна волновал мыслителей,Да
Основные способности человека получают развитие только в обществе.,Да
"Социальный номинализм определяет общество как совокупность людей, объединенных общими целями, идеалами, мировоззрением.",Нет
"Социальная философия придерживается так называемого социального реализма, согласно которому общество вне общения, вне общества человек не может существовать.",Да
"Социально-стратовая дифференциация означает, что представители разных сообществ, несмотря на то, что выполняют разные функции, обладают схожими интересами и целями.",Нет
В любом обществе есть два базовых социальных института: семья и государство.,Нет
"Обществу трудно сохраняться, когда происходит кризис социальных институтов. Однако кризис не означает гибель этого общества.",Да
Какой из перечисленных предметов исследования не относится к философии религии?,исторические формы религии
К философии религии относятся,все вышеперечисленное (анализ вариантов раскрытия сущности религии; выявление онтологических основ религии в бытии человечества; исследование религиозного мировоззрения разных типов)
К философии религии относятся,все вышеперечисленное (выявление статуса самой философии религии в общей системе знаний; выявление специфики и содержания религиозной философии; исследование религиозного мировоззрения разных типов)
Философский понятийный аппарат для религиозного осмысления мира использует:,религиозная философия
Отличительной чертой религиозной философии является:,утверждение взаимодополнительности разума и веры для постижения истины
«Теология» является,синонимом «богословия»
«Естественная теология» это:,"богословие, доступное человеческому разуму без божественного откровения"
"Основным и общим объектом исследования и религиоведения, и философии религии выступает",религия
"Согласно И. Канту, религия – это:",познание наших моральных обязанностей в виде божественных заповедей
"Согласно Гегелю, религия – это:","самосознание абсолютного духа, опосредованное конечным человеческим духом"
Какая религия не входит в число мировых:,иудаизм
Выяснение причин возникновения и распространения представлений о богах и культовой практики является предметом исследования:,философии религии
"Согласно Аристотелю, место бога в философии определяется тем, что он:",является источником всякого движения и конечной целью
"Гуманизм эпохи Возрождения, в отличие от средневековых мыслителей, полагали, что:","природное и божественное в человеке находятся не в противоборстве, а в гармонии"
"Философский смысл деизма Нового времени в том, что",законы природы постоянны и неизменны
"Утверждение, что религия отличается от нравственной философии только формально, принадлежит:",И. Канту
Знаменитая первая попытка свести представления о боге к сущности и проблемам человеческого существа принадлежит:,Л. Фейербаху
"Согласно К. Марксу, религия является:","формой сознания, отражающей отчуждение в обществе эксплуатации"
Объяснение религии как формы запрета и подавления человеческих естественныхвлечений характерно для:,З. Фрейда
"Согласно Н.А. Бердяеву, противостояние философии и религии неслучайно потому, что",религия тоже включает в себя познание
"Противостояние философии и богословия можно, по Бердяеву, описать как",противостояние индивидуального и коллективного мышления
"Согласно Л.Фейербаху, история религии есть ни что иное, как",история человека
"Сущность веры в единого бога в отличие от политеизма – веры во многих богов в том, по Фейербаху, что",в монотеизме человечество начинает осознавать себя как единый род существ
Фейербах формулирует важнейшую цель своего изучения религии как:,содействие свободе человека
"По Фрейду, роль очеловечивания природы в ранних религиях в том, что она представляет собой",возможность понять ее и каким-то образом реагировать на нее
"С развитием естественнонаучных знаний функция религии (роль представления о богах) все больше смещается, по З.Фрейду, в область:",нравственности
"С позиции З.Фрейда, предлагаемое религией учение о бессмертии",помогает справиться с осознанием пространственных и временных пределов исполнения желаний человека
"С.Л.Франк указывает, что определенная опасность философии для религии может быть в том, что",философское исследование устраняет таинственность природы божества
"Важнейшая теоретическая проблема взаимоотношения религии и философии, согласно С.Л.Франку, такова:",может ли философия не быть рациональной?
Согласно С.Л.Франку основным источником философского знания следует считать,целостный духовный опыт
"В терминологии И.Канта, «естественная религия» это:","религия, в которой для понимания нравственных заповедей не требуется откровения"
"Какие положения, по Канту, являются основополагающими для нравственности, и поэтому требуют своего доказательства на основании опыта и примеров?","ни одно из перечисленных (что только чистосердечные моральные убеждения могут сделать человека угодным богу; что грех в помысле имеет для бога такое же значение, как и грех в деянии; что несправедливость к ближнему может быть искуплена только перед ним же)"
"В более совершенной религии присутствуют элементы прошлого, законы предшествующей религии, потому что:",люди консервативны и нуждаются в объяснении на основании привычных им понятий
"С.Л.Франк считает, что философское понятие о боге может заключать в себе идеи:",все вышеперечисленное (субстанции мира; первопричины мира; мирового разума)
"Согласно Фейербаху, причиной возникновения религии стали:",все вышеперечисленное (страх; любовь и благодарность; чувство зависимости)
"Продолжите утверждение «Человек творит культуру,",и сам является ее творением
Какая наука занимается исследованием культуры,культурология
Насчитывается более 170 определений культуры. Знаменитая подборка этих определений принадлежит,американским антропологам А. Креберу и К. Клакхону
Какой из перечисленных элементов присутствует в современном научном понятии культуры:,все вышеперечисленное (созданное разумом человека; искусственная среда; определяющее поведение индивидов)
"Культуру иногда называют инобытием человека. Причина в том, что",культура – это результат деятельности человека в предметном мире
В истории европейской науки одну из ключевых ролей в становлении исследования культуры сыграли:,"немецкие мыслители И.Кант, И.Гердер, Г.В.Ф.Гегель"
Родоначальником концепции массовой культуры считается:,Х.Ортега-и-Гассет
Под «восстанием масс» Х. Ортега-и-Гассет имел в виду:,кризис культуры в результате распространения мировоззрения серой посредственности
"Итальянский философ У.Эко находил возможность назвать «открытым произведением» и современное искусство, и современную рекламу, потому что",в современном искусстве и рекламе предполагается активная роль зрителя
"Развивая свою культурологическую концепцию, Й.Хейзинга называл человека",homo ludens
"Й.Хейзинга в своих исследованиях показывает, что многие феномены культуры подпадают под признаки игрового действия. Один из этих признаков:","все вышеперечисленные (игровое действие должно быть ограничено во времени и пространстве; игра устанавливает строгий порядок, она сама есть порядок; игра тяготеет к созданию атмосферы таинственности.)"
Одним из центральных объектов исследования Ж.Бодрийяра в книге «Система вещей» является:,функциональность вещи в традиционной культуре и размытие ее функциональности в современной
Примером симулякра может быть,рекламный образ
Одним из первых термин «постмодерн» ввел в философский оборот:,Ж.-Ф.Лиотар
«Метанарратив» это:,"концепция, обосновывающая основания других концепции"
"Согласно Ж.-Ф.Лиотару, метанарратив Нового времени это","обоснование того, что разум может познать мир исчерпывающим образом"
"Латинское слово «medium», корень которого есть в словах «медиасреда», «медиареальность», значит:",медиа влияют на содержание передаваемого сообщения
"Философами и культурологами, исследовавшими медиареальность, были",ни один из них (Й.Хейзинга; Дж. Вико; оба этих ученых)
"Для того, чтобы отождествить медиареальность и современное общество, необходимо представление об обществе как","форме, системе коммуникации"
"Согласно Й. Хейзинге, игра",не требует рациональности для своего понимания
"Согласно Й. Хейзинге, специфика исследования игры в человеческой культуре в том, что","оно пытается понять игру так, как воспринимает ее сам играющий"
"Этическое содержание, по Й.Хейзинге, придает игре:",напряжение
В теории Ж.Бодрийяра «потребление» в современной культуре рассматривается как,система коммуникации и структура отношений в обществе
"Согласно Ж.Бодрийяру, особенность «знака» в том, что он","подразумевает существование отдельных субъектов, которые обмениваются знаками"
"Для современной культуры обязательным условием возможности потребления, по Ж.Бодрийяру, является:",автономия вещей в качестве знаков
"Согласно Х. Ортега-и-Гассету, цель существования человека",поиск высшего начала
"Согласно Х. Ортега-и-Гассету, массовый человек связывает себя с государством, потому что","все перечисленные варианты верны (не сознает, что государство также произведено людьми; гордится государством; себя ощущает безликим и в государстве видит также безликую силу)"
"Критикуя современную культуру Европы за безнравственность, Х. Ортега-и-Гассетимеет в виду, что",современное общество не придерживается никакой моральной теории или ценности
"С позиции Н. Лумана, в современной культуре отображение реальности происходит, в первую очередь, посредством.",новостей
"Согласно Н.Луману, вместо религиозной морали в современном обществе перед человеком самым разнообразным способом ставит ориентиры и транслирует идеалы:",реклама
"С точки зрения Н.Лумана, склонность к самонаблюдению у современного человека развивает, скорее:",сфера развлечений
"С точки зрения Н. Лумана, системой, производящей реальность в условиях современности является:",масс-медиа
"Согласно Ж.Бодрийяру, в современной культуре предмет потребления должен восприниматься как лишенный:","всех вышеперечисленных характеристик (символических характеристик, значимых для людей психологически; функциональных характеристик; торговых характеристик)"
"По Й. Хейзинге, исследование и признание игры требует признания существования:",духа
"А. Тойнби подчеркивал, что в будущем XX в. будет привлекать внимание теми катастрофами и сенсационными событиями, свидетелями которых мы являемся",Нет
"Согласно А. Тойнби, разные эпохи имеют разное представление о времени, так что в прошлом сто истории лет казалось не меньшим сроком, чем сейчас – тысячелетие.",Да
"С точки зрения А. Тойнби, борьба цивилизаций в условиях современности приведет ко все большему размежеванию мира.",Нет
"А. Тойнби полагает, что культурное и духовное влияние мощнее политического и военного.",Нет
"А. Тойнби говорит, что советский строй и коммунистическая идеология – это ответ православного христианства на влияние Европы на Россию.",Да
"Согласно А. Тойнби, история, в самом общем виде, – это история народов и государств.",Нет
"Согласно Фрейду, прогресс в технике сопровождается аналогичным прогрессом культуры и общества.",Нет
"С точки зрения З.Фрейда, культура неизбежно предполагает насилие.",Да
"По Фрейду, важнейшая функция религии – это защита человека от природы.",Да
"С развитием естественнонаучных представлений функция религии, по Фрейду, смещается в область компенсации дефектов самой культуры.",Да
"Согласно З.Фрейду, все формы религии содержат в себе первобытный инцестуальный комплекс, который может быть описан как вина за убийство отца.",Нет
"Фрейд защищает религию и говорит, что если бы религия эффективно выполняла свою изначальную функцию, не было бы нужды в отказе от нее.",Да
"Фрейд утверждает, что в настоящее время религия представляет собой своеобразный психопатологический реликт, который следует устранить путем разумной работы.",Да
"С точки зрения Й. Хейзинги, игра появилась вместе с человеком и является его специфическим отличием от животных.",Да
"Согласно Й. Хейзинге, даже в развитии языка у человека можно обнаружить элемент игры.",Да
"С точки зрения Й. Хейзинги, игра определяет наше понимание добра и зла, поскольку напрямую связана с феноменом морали.",Нет
Более высокими формами игры Й. Хейзинга называл социальные игры,Да
"Согласно Й. Хейзинге, свободный характер игры напрямую связан с таким ее признаком, как нереальность.",Да
"Существенный признак игры, выделяемый Й. Хейзингой, в том, что она не имеет четких границ и определений, обособляется от жизни своей неопределенностью.",Нет
В «Критике чистого разума» Кант развивает эстетику как науку о прекрасном и возвышенном.,Нет
"И.Кант называет «чистыми» такие представления, содержание которых никак не относится к данным органов чувств.",Да
"И.Кант полагает, что задавать вопрос о том, существует пространство и время объективно вне нас или нет, бессмысленно.",Нет
"Кант однозначно утверждает, что пространство не может быть понятием, выведенным нами из наблюдений и экспериментов.",Да
"В своем учении о пространстве И.Кант, как он полагал, обосновал такой раздел естественной науки, как механика.",Да
"Говоря о «нападении на философию сверху и снизу», Н.А. Бердяев имел в виду религию и политику.",Нет
"Николай Бердяев обращает внимание на то, что исторически философия всегда была близка суевериям, повседневным мифам и т.п.",Нет
"Согласно Н.А. Бердяеву, вера есть эмоциональное отношение к окружающему миру.",Нет
"Бердяев полагал, что целостность и направление человеческому познанию дают чувства.",Да
"Н.А. Бердяев заявляет, что следует отказаться от поддержки существования философии в рамках научных и учебных институтов.",Да
"С точки зрения М.Шелера, человек может свободно выбирать, иметь какое-либо представление о сущности мира или не иметь никакого.",Нет
"Макс Шелер отмечал, что основная цель естественных наук – не использование природы и не самопознание человеком самого себя, а формирование логически стройной картины мира.",Нет
"Шелер утверждает, что даже если настоящее философское знание было получено на одном примере, оно, тем не менее, будет общезначимым.",Да
"По М.Шелеру, позитивные естественные науки вместе с философией участвуют в формировании священного знания.",Да
"М.Шелер приходит к выводу, что не может быть единого общезначимого метода формирования индивидуального мировоззрения каждого человека.",Нет
Интеллектуальное и эстетическое освоение мира через прекрасное человеческое тело впервые реализовалось:,в искусстве античности
Антропология возникает:,в Новое время
"Учение, согласно которому различные социумы можно распределить в соответствии с уровнем их развития, относится к:",эволюционизму
Слово «приматы» значит:,высшие
Важнейший контекст средневекового религиозного понимания человека:,иерархия отношений земного и небесного
"Особенность новоевропейской философии, которая существенно повлияла на становлении антропологии:",реабилитация человеческого тела
Одним из первых сформулировал представление о человеке как о субъекте познания:,Декарт
"Согласно И.Канту, человек есть:",конечная цель для самого себя
"Выберите суждение, лучше всего отражающее позицию Канта:","значимость человека как предмета исследования настолько велика, что знание о нем может назваться знанием обо всем мире"
Кем сформулированы следующие четыре вопроса «1. Что я могу знать? 2. Что я должен делать? 3. На что я смею надеяться? 4. Что такое человек?»,И.Кантом
Кто из этих двух философов не признает за человеком первостепенной роли:,оба (Г.В.Ф. Гегель; К.Маркс; ни один из них)
Появление философской антропологии как отдельной отрасли философского знания вначале XX в. связано с именем:,М.Шелера
Главное антропологическое произведение Макса Шелера называется,«Положение человека в космосе»
"Важнейшим стимулом построения антропологии для М.Шелера стало такое философское учение, как:",феноменология
"Важное методологическое замечание, существенное для построения философской антропологии и сформулированное М.Шелером, таково:","ученые исследуют происхождение человека, не отвечая на вопрос, что он по сущности"
"Важнейшая специфическая особенность и проблема человека, в методологическом смысле центральная для философской антропологии:","он – существо многомерное, не выразимое одним понятием"
Кто из перечисленных мыслителей не относится к философской антропологии:,Освальд Шпенглер
В XX в. исследования в области философской антропологии обуславливаются влиянием достижений в области:,"всем вышеперечисленным (этнологии, эмпирических полевых исследований; социальной антропологии; когнитивных исследований и философии языка)"
"В число направлений, исследовавших сущность человека в XX в., можно включить:",все вышеперечисленное (экзистенциализм; психоанализ; структурализм)
"М.Шелер утверждал, что особое положение человека:",не может быть определено без учета выводов естественных наук
"По М.Шелеру, «инстинкт — более примитивная форма психического бытия и процесса, чем сложные душевные образования, определенные ассоциациями». На каком основании он так утверждает?","существо, имеющее только инстинкт, менее свободно от окружающего мира"
"Что из нижеперечисленного, по мнению М.Шелера, радикально отличает человека от всего остального живого мира:","разум, дух"
"Согласно Тейяр де Шардену, сводить всякую науку к вопросу о человеке целесообразно, потому что:",человек является центром конструирования универсума
"Великой минутой в жизни человечества Тейяр де Шарден называл осознание того, что",точка сосредоточения универсального стремления к жизни
"Согласно Тейяр де Шардену, появление мышления следует рассматривать как:",важнейшее изменение состояние вселенной
"Согласно Э.Фромму, самый важный шанс и преимущество старости в том, что:",человек может посвятить себя философским размышлениям
"Согласно Э.Фромму, озабоченность болезнями, смертью и т.п. является:","проявлением «некрофилии», которая может быть и у молодого человека"
"Подлинная активность человека, в преставлении Э.Фромма, это:",испытывать непосредственный интерес к миру
"Продолжите мысль Ж.-П.Сартра: «Для экзистенциалиста человек потому не поддается определению, что первоначально ничего собой не представляет. Человеком он становится лишь впоследствии...»","...причем таким, каким сделает себя сам"
"Ж.-П. Сартр утверждал, что «первым делом экзистенциализм отдает каждому человеку во владение его бытие и возлагает на него полную ответственность за существование». Значит ли это, что человек имеет право заботиться только о себе?","нет: по Сартру, неся ответственность за свой собственный выбор, мы как бы создаваем образ человека, каким он должен быть."
"Согласно Сартру, человек, это существо, обращенное в будущее. Это значит, что:","в своем существовании человек проецирует себя в будущее, человек – это проект"
Эволюционизм как теория может сочетаться с,всем вышеперечисленным (естественнонаучной установкой; дарвинизмом; колониализмом)
"В терминологии И.Канта, «антропология» это:",всеобщая систематическая наука о человеке
"И.Кант полагал, что человек и есть самый главный предмет в мире, к которому все знания и навыки могут быть применены, потому что:",сам человек и является конечной целью
"Описывая основные черты человеческого рода, И.Кант практически сразу переходит к анализу гражданского общества. Причина в том, что:","Кант присоединяется к тезису, что человек предназначен быть членом общества по своей природе"
Какое соотношение терминов правильно?,"этика – это раздел знания, а мораль – предмет этого знания"
Латинское по происхождению слово «мораль» было введено в философию как,аналог и перевод слова «этика»
Исторически сложившийся образ нравственного поведения определенной социокультурной группы называется:,этос
Золотое правило нравственности содержит в себе требование:,взаимности
Какая позиция лучше всего отражает исходное отношение этики к человеку:,"человек не является ни добрым, ни злым"
"Доказательство того, что бог остается высшим добром, несмотря на существование зла, называются",теодицея
"Этическая категория, с которой непосредственно связано понятие свободы:",ответственность
В Средние века на первый план вышла проблема свободы от:,греха
Проблема сочетания свободы и всеобщего закона причинности характерно для,Нового времени
В экзистенциализме Ж.-П. Сартра понятия человек и свобода связаны следующим образом:,бытие человека и есть свобода
"Согласно Аристотелю, человек располагает таким «видом души», такой способностью, как:",разум
Аристотелю принадлежит знаменитое учение о добродетели как,середине между избытком и недостатком страсти
"Закончите знаменитую фразу Аристотеля, открывающую его этическое сочинение: «Всякий человек от природы стремится к ...",благу
Центральным в этике И.Канта стало понятие,долг
"Согласно Канту, категорический императив исходит из",уважения к моральному закону
Какая из приведенных ниже формулировок относится к категорическому императиву Канта:,"«Поступай так, чтобы ты всегда относился к человечеству и в своем лице, и в лице всякого другого так же, как к цели, и никогда не относился бы к нему только как к средству»"
Самая известная формулировка категорического императива Канта содержит в себе:,"все вышеперечисленное (формулировку идеи, по которой человек собирается совершить поступок; понятие всеобщего закона; формулу веления)"
Кантовское понимание автономии человека как нравственного существа значит,способность самому предписывать себе моральный закон
"Концепция, изложенная английским философом Дж.Э. Муром, с которой начинают историю нового этапа англо-американской этики, именуется",метаэтика
"Дж.Э. Мур критикует этику, которая превращает «добро» в некое естественное предметное свойство, что искажает понимание. Такой ход мышления он называет:",«натуралистической ошибкой»
"Для этики имеют значение не поступки и убеждения, а знание и аргументы; обычные критерии истинности, основанные на фактах, не применимы к ценностным высказываниям – это позиция",направленный на удовольствия
Какой из перечисленных элементов входит в определение высшего человеческого блага у Аристотеля?,все вышеперечисленные (разумная деятельность; деятельность сообразно добродетели; полный срок жизни)
"Поступки, сообразные добродетелям, согласно Аристотелю:",приносят удовольствие сами по себе
"Согласно И.Канту, правдивость:",является безусловным долгом каждого вне зависимости от обстоятельств
"С точки зрения Канта, ложь всегда вредна, потому что",дискредитирует саму ценность правдивости
На какой возможный риск лжи во спасение указывает Кант?,"ты станешь виновником смерти человека, потому что солгав наугад, случайно назовешь его правильное местоположение"
"По Дж.Э.Муру, важнейшим вопросом этики является следующий:",Что обозначает слово «добро»?
"Сравнивая слова «добро» и «желтый», Дж.Э.Мур ставит целью показать, что:",они оба являются простыми качествами
"Коль скоро, по Дж.Э.Муру, «благо» есть простое качество, относительно него осмысленно ставить только такие вопросы:","существуют ли причинная связь каким-либо предметом и теми предметами, которые имеют качество «благо»"
"В.С. Соловьев формулирует важную для всей этики проблему свободы воли и детерминизма, которая заключается в том, что","все действия человека имеют естественную причину, поэтому нельзя говорить о нравственности"
"В.С. Соловьев полагал, что особенностью человека, делающей из него нравственное существо, является",нравственность невозможно свести к психологии
"Согласно И.Канту, во всех показаниях быть правдивым, честным – это:",заповедь разума
"Каково, по В.С. Соловьеву, положение этики среди других дисциплин?","содержательно она связана с религией, а формально – с теоретическою философией"
"Согласно В.С. Соловьеву, в определенные периоды истории человечества идея добра может быть лишена содержания.",Да
"В.С. Соловьев исходит из того, что нравственная философия состоит в обосновании и привитии человеческой природе первоначально чуждых ей, но благоприятных для нее правил.",Нет
В.С. Соловьев считает важным для этики опровергнуть сомнения в реальном существовании внешнего мира и других людей.,Да
"Согласно В.С. Соловьеву, даже в психологической жизни животных можно усмотреть определенный источник нравственности.",Да
"В.С. Соловьев утверждает, что нравственная необходимость это понятие о совместимости нравственного выбора с представлением о жесткой причинно- следственной связи в мире.",Да
"В.С. Соловьев утверждает, что, поскольку нравственность естественна, достаточно одной только «нравственной восприимчивости в натуре субъекта»",Нет
В.С. Соловьев также ставит вопрос о возможности сознательного выбора человеком зла.,Да
"1. Верно ли, что истина с точки зрения Хайдеггера является историческим феноменом, то есть представления об истине не тождественны в различные исторические эпохи?",ДА
"3. Бэкон полагает, что человек склонен рассматривать вещи и окружающий мир беспристрастно.",НЕТ
5. Самыми тягостными идолами Бэкон считает идолы рода (которые толкают человека на ошибки в силу самой природы человека).,НЕТ
"7. Любому исследователю, согласно Бэкону, в построении научных теорий необходимо следовать за тем, что особенно сильно захватило и пленило его разум.",НЕТ
"У. Бек утверждает, что в современном мире идёт процесс не только разрушения природы цивилизацией, но и разрушения самой цивилизации.",Да
"У. Бек. соглашается с исследователями, утверждающими, что глобальные проблемы могут быть предотвращение сознательными усилиями тех международных сообществ, которые их породили.",Нет
"Такие глобальные опасности, как озоновые дыры, парниковый эффект и т.п. У.Бек считает порождением развития техники, которое было вызвано к жизни стремлением к обогащению.",Да
"У.Бек подчеркивает, что военные конфликты и разрушение окружающей среды - разные проблемы, требующие отдельных решений.",Нет
"У.Бек полагает, что инструментом предотвращения мировой катастрофы может стать наука, исследующая причины происходящего.",Нет
"Термином ""макдоналдизация"" У.Бек называет глобальное распространение стандартов качества обслуживания.",Нет
"Согласно афоризму У.Бека, в условиях глобальной культуры современности люди есть то, что они производят.",многообразия человеческого опыта
"Согласно античной традиции, впервые слово «философия» употребил:",Пифагор
"Уже в античности, помимо обоснования знания, важной задачей философии стало:",определение правильного образа жизни
Мировоззрение включает в себя осознание отношения:,все вышеперечисленное (человека к миру; человека к самому себе; отдельного человека к человечеству в целом)
"Важность ценностей как части структуры мировоззрения определяется тем, что они:",выражают основные потребности и интересы человека
"«Жизненная философия», «житейская мудрость»:","позволяет человеку осуществлять выбор, следуя избранным идеалам"
Особенность отношения философии к тому или иному мировоззрению того или иного общества в том:,все вышеперечисленное (она выражает потребность рационального осмысления важнейших основ мировоззрения; делает мировоззрение предметом анализа; является самосознанием данного мировоззрения)
«Категории» могут рассматриваться как:,все вышеперечисленное (самые общие понятия; формы мышления; формы языка)
Знание отождествлял с добродетелью:,Сократ
Философия является наукой потому что:,знание рассматривается философией как ориентир и высший идеал
"Философы Нового времени (Р.Декарт, Ф.Бэкон и др.) установили, что в идеал научного знания входит:",все вышеперечисленное (доказательность; систематичность; проверяемость)
К областям философии (философским наукам) не относится:,поэтика
"«Истина», «утверждение», «отрицание», «познание» являются категориями такой философской науки, как:",гносеология
"«Благо», «справедливость», «добродетель» являются категориями такой философской науки, как:",этика
"В чем причина того, что работа И.Ньютона называлась «Математические начала натуральной философии», К.Линнея – «Философия ботаники», а Ж.Б.Ламарка – «Философия зоологии», и они считались частью философии?",они все рассматривали основные категории и проблемы своих областей
Философия не является точной наукой...,"... но философы никогда не согласятся с тем, что философия не наука вообще."
Эпистемология – это философская наука о:,знании
"Метафизическая точка зрения исходит из того, что",сущность всякой вещи изначально неизменна
Диалектический метод был в новоевропейской философии обновлен:,Г.В.Ф.Гегелем
"То, что многие философские направления в ХХ в. тесно переплетаются искусством, имеет причиной:","все вышеперечисленное (сомнение в том, что классическая наука и рационализм способны реализовать претензию на системность, объективность и доказательность; глобальные исторические события первой половины XX в.; то, что художественно- поэтическая рефлексия может дать больше в решении вопроса о человеческой свободе, чем рационализм и наука)"
"То, что именно поэты, а не философы, являются подлинными хранителями «голоса бытия» и истины, считал:",М.Хайдеггер
"Такие разделы философии, как философия истории, философия науки и техники, философская антропология, социальная философия обособились в отдельные дисциплины:","разумно следовать таким общим правилам, которые удовлетворили бы эгоизм каждого"
"Ряд философов утверждает, что мир не может быть познан. По мнению Ф.Энгельса, эта позиция лучше всего опровергается:",практикой
"Согласно Ф.Энгельсу, наука первоначально смотрела на мир ограниченно, и подлинная философия помогает науке осознать и преодолеть проблему:","отсутствия понимания того, что и материя, и человеческое общество находятся в развитии"
"Согласно Г.-Г. Гадамеру, связи философского мышления с языком в том, что:","оно требует усилий по осознанию себя и мира, которому потом требуется найти выражение в языке"
"По Г.-Г. Гадамеру, то, что естественные науки стали играть лидирующую роль, приводит к:",доминированию логики и логического анализа языка
Какое суждение лучше всего отражает позицию Х. Ортега-и-Гассета?,человечество обращает внимание всегда на наиболее близкие для него истины
"Х. Ортега-и-Гассет полагал, что философские вопросы выступают:",ориентиром развития европейской науки и культуры
Какой вид истины отсутствует в классификации Вл.Соловьева?,относительная
"Высшее содержание научной деятельности, по В.С.Соловьеву, должно состоять в:",объяснении сущности и целей существования мира
"Указанный Максом Шелером парадокс теоретического познания сущности вещей состоит в том, что:","можно использовать в качестве примеров не реальные, а воображаемые вещи"
"Согласно Шелеру, изучение наиболее общих, междисциплинарных проблем естественных наук (понимание жизни, материи и т.п.) относится к:","к тому, что сам Шелер называл «метафизическим знанием» или «знанием ради спасения»"
"По Г.-Г. Гадамеру, формирование понятий как единиц человеческого мышления:",обусловлено уже имеющимся языком и историей истолкования мира
"По Х. Ортега-и-Гассету, нужно помнить, что:","может случиться, что настоящая истина не найдет выражения в той или иной эпохе, или её смогут понять только несколько человек"
Какое из перечисленных слов может обозначать мир в целом?,все вышеперечисленные (природа; универсум; реальность)
"Важность природы для человека в том, что она является источником:",все вышеперечисленные (существования человека; всех потребительских благ; эстетического удовольствия)
"Если учесть, что природа порождает человека, постоянно присутствует в нас и в нашей жизни, является важной составляющей многих окружающих нас предметов, а близость человека к природе – явное благо, то отрыв от природы будет значить:",смерть
"Отношение к природе как к совершенству, гармонии характерно для",античности
"Согласно общей установке античности, познание природы, космоса, его порядка является:",высшей целью человека
Духовность и аскетизм поддерживается и пропагандируется официальной культурой:,Средневековья
Идея подчинения природы нуждам человека характерна для культуры,Нового времени
"Гармония с окружающим миром характерна для традиционных культур, в то время как инновационные культуры зачастую вступают на путь борьбы «со стихией». Такой стала культура:",Нового времени
"Источник экологических проблем XX в., варварского отношения к природе:",антропоцентризм Нового времени
Термин «экология» введен,Э.Г. Геккелем в книге «Общая морфология организмов»
В условиях современности одним из основных вопросов экологии становится,глобальный экологический кризис
«Экологическая культура» включает в себя,все вышеперечисленное (уважение к природе; защиту природы и человека от него самого; преодоление агрессивно-потребительского отношения к природе)
Специфической особенностью современного периода взаимоотношений человека и природы является:,разработка проектов решения кризисных ситуаций в природоиспользования
"Для современного общества с его глобальным использованием техники, распространением человека по всей поверхности Земли, природа планеты становится",частью культуры
"Желательным состоянием социума в условиях современности с ее экологическими кризисами, глобальным использованием техники и распространением массовой культуры потребления является",устойчивое равновесие
Важнейшим моментом в смене коммуникативных моделей человечества стало,все вышеперечисленное (появление письменности; изобретение печатного станка; распространение электронных информационных технологий)
"Периодизация техники, основанная на выделении доиндустриальной, индустриальной и постиндустриальной стадии, принадлежит:",Э. Тоффлеру
"Узкая специализация работников и машинное производство характерны для такого периода развития техники, как",индустриальный
В книге «Третья волна» Э. Тоффлер предложил периодизацию историко-культурного процесса в зависимости от:,технологических инноваций
Закончите знаменитый афоризм М.Маклюена: Метод коммуникации,... и есть само сообщение
"С точки зрения М.Маклюена, жизнь человечества изменяет",любой новый метод и средство коммуникации
"Целостность человеческого труда в доиндустриальную эпоху в том, что субъект труда","сам выполняет все действия, необходимые для получения завершенного изделия"
В условиях современности ситуация риска разворачивается в следующих областях,во всем вышеперечисленном и еще во многом другом (в медицине; в проблемах межличностного общения; в производственных катастрофах)
"Какой из перечисленных ниже признаков, по Г.Риккерту, принадлежит природе:",все вышеперечисленные (существующее само по себе; не требующее вмешательства человека ради своего возникновения; не имеющее отношение к культуре)
"В понимании Г.Риккерта, объект культуры:",возникает из объекта природы благодаря присоединению к нему ценности
"Согласно терминологии Г.Риккерта, вещи сами по себе уже являются для нас:",благами
У. Бек призывает осознать единство человечества,перед лицом глобального экологического кризиса
"У. Бек полагает, что разрушение окружающей среды непосредственно связано с:",бедностью
"У. Бек полагает, что само современное общество выработало практику, которая способна стать одним из средств предупреждения будущих глобальных проблем. Это:",публичность принятия решений
"Опасной причиной межцивилизационной войны, С. Хантингтону, является:",изменение расстановки сил между стержневыми странами разных цивилизаций
"В предполагаемом сценарии межцивилизационной войны, описанном С. Хантингтоном, Россия:",в конце концов в качестве полноправного члена вступает в НАТО
"По С. Хантингтону, более стабильным может оказаться мир, в котором:",ядерным оружием обладают одно или два ключевых государства в каждой цивилизации
"По Э. Тоффлеру, основное требование, которое предъявляется в последние века поотношению к новым технологиям – это...",возможность работать на экономический рост и военную мощь
"У Э. Тоффлера принципиальное отличие так называемой «Третьей волны» от предыдущих состоит в том, что:","эта волна начинается не с технологий, а с социально-экономических задач, которые стоят перед обществом"
"«Демассификация» цивилизации, которую отражают средства массовой информации, влечет за собой скачок объема информации, которой люди обмениваются друг с другом, считает Э. Тоффлер. Это способствует тому, что:","люди нуждаются в информации, чтобы предвидеть, как другие люди будут относиться к ним самим"
"Согласно Э. Тоффлеру, современные выступления против передовых технологий связаны с тем, что люди в техническом рывке чувствуют угрозу для себя.",Да
"«Технореволюционеры», в понимании Э. Тоффлера, это те, кто, исходя из факта, что новые технологии способны нанести непоправимый ущерб планете, требуют, чтобы новые технологии были более экологичны, чем более ранние разработки.",Да
"Явление, которое Э. Тоффлер называет «первой волной», связано с обилием образов и информации, с которой сталкивался в течение жизни человек.",Нет
"По Э. Тоффлеру, во время «Второй волны» образы, разработанные централизованно, служили для индивидуализации человека, для его осознания самого себя и связи с окружающим миром.",Нет
"Э. Тоффлер полагает, что сейчас для представителей любого общества, любой группы людей существуют свои журналы. Это связано с дешевизной малотиражных изданий, а также с запросом на такие издания.",Да
"Демассифицированные средства массовой информации, а также возвышение клип- культуры, по Э. Тоффлеру, существенной чертой имеют согласие по основным политическим, научным и другим вопросам. Это связано с тем, что общество стремится к унификации, к консенсусу.",Нет
"Именно с И.Канта в эстетике идет традиция, рассматривать роль субъекта в эстетическом восприятии как несущественную.",Нет
Эстетический опыт позволяет человеку найти свое место во вселенной.,Да
"Эстетическое сознание только в последние столетия стало частью человеческого сознания, поэтому его изучение только начинается.",Нет
"В.В. Бычков отстаивает идею, что эстетический опыт был присущ человеку с древности",Да
"Согласно В.В. Бычкову, эстетический опыт означает только одно – умение воспринимать эстетические ценности",Нет
Понятие природы является важным,Да для философии культуры.
"Понятие природы обозначает конкретно все разнообразие явлений в мире. Ему нельзя давать узкой трактовки, например, как среда обитания человека.",Нет
Новоевропейский девиз «Знание — сила!» обозначает идею изучения природы ради сохранения ее богатства силами просвещенного человечества.,Нет
Особенностью современной культуры является проблема изменения природной среды под влиянием деятельности человека.,Нет
"Особенность будущего как предмета исследования в том, что оно помогает проверить уже имеющиеся научные модели.",Да
"В работах Ю. М. Лотмана и М. Маклюэна представлен схожий подход к исследованию общества. Различие между авторам только в том, что один является марксистом, а другой – нет.",Нет
В определенном смысле технической революцией можно считать создание каменных орудий труда древним человеком.,Да
"С точки зрения Р. Коллингвуда, особенность философии в том, что она исследует мысль саму по себе.",Нет
"По Р. Коллингвуду, прошлое для философа истории – это систематическая связь объектов, познанных наукой историей.",Да
"Р. Коллингвуд замечает, что философия является по природе именно философией истории, поскольку происходит из Древней Греции, в которой и возникла наука история.",Нет
"Р. Коллингвуд заявляет, что ни точные, ни естественные науки не способны исследовать историю.",Да
"Р. Коллингвуд полагает, что изучающий философию истории должен иметь собственный опыт исторического мышления, а это значит, что это доступно любому образованному человеку.",Нет
"Р. Коллингвуд сводит предмет истории к таким фактическим данным, как документы.",Да
"Р. Коллингвуд считает, что наибольшей рефлексии и философского опыта требует ответ на вопрос, каково определение истории.",Нет
"Ретроспективный взгляд сталкивается с крайне противоречивым определением Красоты во все времена, согласно У. Эко.",Нет
"Как говорит У. Эко, противоречие между ""Красотой провокации"" и ""Красотой потребления"" не типично для ХХ в.",Нет
"По У. Эко, основную линию выражения ""Красоты провокации"" можно найти в авангардистском искусстве.",Да
"У. Эко утверждает, что цель массовой культуры ХХ в. - сконструировать новый идеал Красоты.",Нет
"Согласно М.Шелеру понятие «человек» двусмысленно – потому, что человек одновременно включается в число других живых существ и мыслится совершенно независимо от них.",Да
"Согласно М.Шелеру, философия должна избежать такой ошибки, как смешение поиска сущности человека с обоснованием его особого положения в мире.",Нет
"По М.Шелеру, никакое сознание невозможно без первоначального сопротивления мира живому существу.",Да
"Согласно М.Шелеру, не интеллект и не способность выбора возвышает человека над животными.",Да
"Р. Ингарден поднимает вопрос о том, важна ли для эстетического переживания реальность созерцаемого предмета.",Да
"Р. Ингарден утверждает, что предметами эстетического восприятия не могут быть полностью выдуманные предметы.",Нет
"Согласно Р. Ингардену, когда эстетическое переживание относится к реальному объекту, его реальность будет далее необходима для процесса эстетического переживания, а если оно не относится к реальному объекту, то его реальность несущественна.",Нет
"По Р. Ингардену, эстетическое переживание, в отличие от познавательного, является единомоментным, мгновенным, не предполагает разнообразия стадий.",Нет
"Р. Ингарден полагает, что, в отличие от эстетического переживания, в познавательном опыте важно подтвердить принадлежность воспринимаемых нами качеств объекта самому этому объекту.",Да
"Согласно Р. Ингардену, есть различие в восприятии реального тела без рук и скульптуры без рук.",Да
"Р. Ингарден считает, что сложность и многоаспектность эстетического опыта приводит к возникновению единства и целостности воспринимаемых эстетических качеств.",Да
"Согласно Фейербаху, сущность религии в том, что она есть особая форма космологи как учения о начале мира, его основных законах и устройстве.",Нет
"Л.Фейербах приходит к выводу, что не только языческие боги являются отражением человека, но и единый бог монотеистических религий.",Да
"Л.Фейербах полагал, что сама по себе религия, хоть и является заблуждением, но играет конструктивную роль в истории человечества.",Нет
"Согласно Фейербаху, различие между религией и атеизмом в том, что религия и само понимание бога меняется с ходом истории, а атеистическая установка по своему содержанию остается неизменной.",Нет
"Л.Фейербах присоединяется к теории, что исходным для возникновения религии было некое интуитивное чувство существования и присутствия каких-то высших существ, уважение к ним.",Нет
"Л.Фейербах приходит к выводу, что освобождение от страха перед полезными для человека природными явлениями становится началом науки и атеизма.",Нет
"Фейербах считает важным отметить, что необычные, яркие события и явления в большей степени способствуют развитию религиозного миросозерцания, чем закономерные, часто повторяющиеся явления.",Нет
"Философия, полагает Франк, не способна понятийно выразить отношение к богу как живой личности.",Да
"По Франку, категориальный аппарат и логическая доказательность философии наилучшим образом подходит для постижения религиозных истин.",Нет
"Согласно С.Л.Франку, признак развитой философии как раз в признании неполноты и незаконченности знания.",Да
"С.Л. Франк признает, что религиозное понятие о боге противоречиво.",Да
"С.Л. Франк полагал, что религиозная вера не нуждается в рациональном обосновании своих положений.",Да
"Сартр полагает, что признавать за человеком некую единую «сущность», «природу» и т.п., значит относиться к человеку как к произведенной вещи.",Да
"Согласно Ж.-П. Сартру, самая важная, первая характеристика бытия человека в том, что он должен забыть себя и нести ответственность за весь человеческий род.",Нет
"С точки зрения Сартра, невозможно не только определить сущность человека как такового. Неправильно воспринимать мир так, как если бы в нем были некие общие условия человеческого существования.",Нет
"Согласно Сартру, бога нет, и это значит, что нет ограничений моральных; поэтому, рассуждает философ, за свои страсти и желания никто не несет ответственности.",Нет
"Платон отмечает, что любитель мудрости разборчив в своей любви и выбирает тот тип мудрости, который ему ближе.",Да
Мнением в отношении красоты Платон называл познание красоты самой по себе.,Нет
"Для Платона нет различия, во сне или наяву человек грезит, если он путает мнение и истину.",Да
"Знанием, по Платону, нужно называть истинное знание, а мнением – ошибочное.",Да
"Платон отмечает, что знание – это мощнейшая способность человека.",Да
"Мы далеко не всегда знаем истину, но ее важно знать, потому что она:",всегда имеет к нам отношение
Уже в античной философии было осуществлено разделение на:,истину и мнение
"Важная характеристика истины в том, что она:",остается неизменной
"Согласно Платону, «идеи» как предмет истинного знания:",вечны и неизменны
"Настаивая на том, что поэты должны быть изгнаны из идеального государства, Платон исходил из того, что инструмент познания это:",мышление
"С точки зрения Парменида, исключительной деятельностью человека, направленной на познание истины, является:",мышление
На латинском «истина»:,все сущее сотворено богом
Для понимания истины в Новое время характерен акцент,на самом познающем истину субъекте
"Поскольку в Новое время познающий истину субъект рассматривается как самостоятельный, то большое значение приобретает:",отслеживание и избегание ошибок
"Ф.Бэкон различал четыре рода “идолов”, один из которых:",идол пещеры
Термин «чистая доска» в эмпиризме Дж.Локка значит,человек не обладает никакими врожденными знаниями
"И.Кант полагал, что наше познание начинается с чувственного опыта","однако, до всякого познания в душе есть форма познания"
"Согласно И.Канту, опыт является единством",чувственности и рассудка
Основателем и одним из важнейших представителей феноменологии был,Э.Гуссерль
Один из исходных принципов феноменологической теория познания таков:,наши знания происходят из опыта
Принцип интенциональности сознания у Э.Гуссерля значит:,"все вышеперечисленное (постоянная направленность сознания на предмет; что сознание никогда не бывает пустым; что вещь не существует изначально, до интенционального акта, но впервые этим актом конституируется, создается)"
"Согласно феноменологии Э.Гуссерля, непосредственно нам даны:","не вещи, как они существуют сами по себе, а вещи как предметы нашего сознания"
«Классической» концепцией истины считается ее восприятие как:,Чарльз Сандерс Пирс
"То, что истины – это правила, способствующие успешной деятельности, полагает такая философская теория, как",прагматизм
"Философом, по Платону, следует считать того, кто",ценит все существующее само по себе
Платон характеризовал мнение как,нечто среднее между знанием и незнанием
"Согласно Платону, знание:","имеет своим предметом бытие с целью постичь, каково оно"
"Роль сомнения, по Декарту, в том, что оно позволяет","все вышеперечисленное (избегать поспешных выводов; рассматривать только то, что представляется ясным и отчетливым; препятствует считать истинным то, что неочевидно)"
"Согласно Декарту, философский призыв преобразовать свои знания не подходит:","оба данных типа людей (людям, которые убеждены, что знают больше других и готовы судить обо всем; людям, которые считают себя менее способными, чем другие; ни один из указанных типов людей)"
"Какого из приведенных ниже принципов нет в списке правил, предлагаемых Декартом в качестве основных правил метода:","упражнять рассудок, не утомляя сильно воображение"
"Раскрывая значение истины как aletheia, Хайдеггер обращает внимание на такое исходное значение этого древнегреческого слова, как",раскрытие
У Хайдеггера понимание истины как aletheia непосредственно связано с,"ролью человека, идущего навстречу истине"
"Согласно Хайдеггеру, в новоевропейской метафизике возобладало не стремление к постижению истины самой по себе, а проблема:",правильности использования разума человека
"В доказательство, что пространство не есть эмпирическое понятие, Кант приводит такой аргумент:","можно представить пустое пространство, но невозможно представить отсутствие самого пространства"
"Согласно И.Канту, форма и условия восприятия объектов в пространстве:",находятся в душе человека изначально
"В своем учении о пространстве И.Кант, как он полагал, обосновал такую науку, как:",геометрия
"Важнейшая цель метода, предлагаемого Декартом, в том, что он:",позволяет пользоваться собственным разумом наилучшим образом
"Важнейшим выводом исследования Кантом чувственного восприятия с его формальной стороны, является то, что формами чувственного созерцания являются:",пространство и время
"Согласно И.Канту, априорное значение философии в том, что ее конечная цель – построить систему знания, независящую от человеческого разума и знания.",Нет
"И.Кант полагает, что исследование человека как порождения природы и как существа, которое способно преобразовывать себя само, должно быть предметом одной и той же науки.",Нет
"И.Кант обращает внимание на то, что непосредственное изучение человека сталкивается с той трудностью, что его поведение станет неестественным, если он будет знать, что является объектом изучения.",Да
"Согласно Канту, наибольшие преимущества для существования человека дает республика, потому что естественная свобода человека в ней ограничивается законом как принуждением, исходящим от самого человека.",tДа
"Аристотель считает, что этику лучше всего начинать изучать в детском возрасте.",Нет
"Аристотель полагает, что стремление к богатству не освобождает, а, наоборот, порабощает.",Да
"Аристотель приходит к выводу, что высшее благо можно назвать счастьем.",Да
"Аристотель разделяет блага на три вида: 1. естественные и необходимые, 2. естественные и не необходимые, 3. противоестественные.",Нет
"Согласно Аристотелю, добродетелью в собственном смысле слова можно называть только добродетели, относящиеся к душе.",Да
Аристотель включает в число добродетелей когнитивные навыки.,Да
"Августин призывает к Богу, чтобы он поведал о сотворении неба и земли, поскольку не может обратиться к Моисею.",Да
"Важным свойством, по Августину, сотворенного, является увядание и смерть.",Нет
"Августин считает, что вечность проявляет себя в том, что в вечности всё пребывает как настоящее, во всей своей полноте. Так он отвечает всем тем, кто спрашивает, почему в Боге родилась воля к сотворению, которой там раньше не было.",Да
"Августин утверждает, что до создания земли и неба Бог сотворил только время.",Нет
"Знаменитая цитата Августина «Что же такое время? Если никто меня об этом не спрашивает, я знаю, что такое время; если бы я захотел объяснить спрашивающему — нет, не знаю» иллюстрирует идею о том, что вечность времени познается только Богом.",Нет
"Августин иллюстрирует примером о восходящем солнце идею о том, что будущее живет в настоящем времени в представлениях, образах.",Да
Одним из вопросов философии религии является определение ее статуса.,Да
Философия религии всегда опирается на вероучение той или иной религии и тесно связана с теологией,Нет
Специфической особенностью теологии является подчеркивание приоритета разума над верой.,Нет
"Религия может быть определена как мировоззрение, связанное с верой в божественное, которое достойно поклонения.",Да
Философия окончательно осознает себя автономной от теологии к концу Просвещения.,Нет
"Фейербах считал, что истоки религии лежат в чувстве зависимости человека. Следовательно, их надо искать в антропологических и психологических основаниях.",Да
"Карл Маркс интерпретировал религию как «отчужденное сознание», возникающее на основе экономического отчуждения.",Да
"В начале данной части Декарт приводит в пример различные планировки городов, подтверждая мысль, что построенное и созданное по единому плану совершеннее возникшего случайно.",Да
"Согласно Декарту, разумное мнение здравомыслящего человека не может быть лучше научного.",Нет
"Декарт полагает, что требуются неотложные изменения в образе жизни и мышлении европейского человека, и что требуется раз и навсегда отказаться от всего отжившего.",Нет
Декарт подчеркивает пользу изучения разнообразия мнений и обычаев для становления человека.,Да
"Согласно Декарту, если мы не можем наблюдать причинно-следственную связь естественным образом, то мы не имеем оснований предполагать ее наличие в теории.",Нет
"Согласно Канту, все религии можно разделить на естественные и искусственные.",Нет
"Для Канта важным было разделение на религию, в истинности которой можно убедиться посредством одного разума, и религию, которую можно понять посредством учености",Да
"По Канту, даже религию откровения можно в каком-то смысле рассматривать как естественную.",Да
"Согласно Канту, для религии требуется понятность для каждого и единодушие.",Да
"Кант приходит к выводу, что подлинная святость дается только свыше и не может требовать подтверждения собственными делами.",Нет
"Согласно И.Канту, смысл отдавать священное знание в руки ученых в том, что именно они уже выбрали образ жизни в вере.",Нет
"Согласно И.Канту, учение христианства построено не только на общих принципах, но и на фактах.",Да
"С. Хантингтон считает, что в грядущей глобальное войне будут противоборствовать две силы: мусульмане и не-мусульмане.",Да
"С. Хантингтон считает, что изменение расстановки сил между цивилизациями – то есть, растущая мощь Индии, – повлечет за собой межцивилизационную войну.",Нет
"С. Хантингтон полагает, что в случае войны Запад все интенсивнее будет стремиться заручиться добрыми отношениями с Россией, и оказать ей поддержку в распространении контроля над богатыми нефтью странами к югу.",Да
Ключевым и тревожащим моментом грядущей цивилизационной войны С. Хантингтон считает перераспределение ресурсов в странах с разной экономической системой.,Нет
"Хантингтон делает важный вывод о том, что для недопущения цивилизационных войн необходимо невмешательство стран одной цивилизации во внутренние дела стран другой цивилизации.",Да
"Объективное исследование окружающего мира, исключающее центральное положение человека, необходимо и возможно.",Нет
"По П. Тейяр де Шардену, человек уникален, поэтому его невозможно изучать при помощи естественных наук.",Нет
"По П. Тейяр де Шардену, эволюция человека продолжается.",Да
"Методологическая установка П. Тейяр де Шардена, а также одно из высших предназначений человека, сформулированы им в афоризме «победить или погибнуть».",Нет
"По П. Тейяр де Шардену, особое положение человека в космосе отличается тем, что каждый способен мыслить себя как высшее существо, отдельное от остального человечества.",Нет
"Согласно Дж.Э.Муру, этика занимается суждениями о том, что такое истина, мир, как мы можем его познать, а отсюда следует вопрос о том, в каких правильных суждениях мы можем выразить истину.",Нет
"Парадоксальный, на первый взгляд, тезис Дж.Э.Мура - в том, что понятие «блага» неопределимо.",Да
"Сравнивая слова «добро» и «желтый», Дж.Э.Мур ставит целью показать, что нравственность зависит от восприятия отдельного человека",Нет
"Согласно Дж.Э.Муру, подлинный предмет и цель этики – не знание, а практика.",Нет
"По Т. Гоббсу третий естественный закон заключается в том, чтобы люди выполняли соглашения и обязательства.",Да
"Т.Гоббс утверждает, что невозможно соблюдение договора до того, как люди перестанут находиться в состоянии войны друг с другом.",Да
"По Т.Гоббсу, для осуществления выполнения обязательств и договоренностей между людьми должна появиться власть, могущая эти обязательства привести к единой форме, зафиксировать.",Нет
"Точка зрения Т.Гоббса состоит в том, что и выполнение, и невыполнение обязательств могут не противоречить разуму.",Нет
"Т. Гоббс проводит важную разницу между справедливостью людей и поступков, утверждая, что справедливость поступков видится в отношении этих поступков к разуму, а справедливость людей – в отношении разума и характера человека.",Да
"Одиннадцатый естественный закон, по Т.Гоббсу, – закон беспристрастия. Он гласит, что необходимо каждому воздавать то, что принадлежит ему по разуму.",Да
"Термин «история» означает «расспрашивание, добывание знаний».",Да
"Новаторство Геродота состояло в двух вещах: в том, что он сделал предметом своего исследования деятельность людей, а также, в том, что для исследования он расспрашивал очевидцев и критически сопоставлял полученные сведения.",Да
"История древнего Рима, древней Греции – эсхатологична, линейна.",Нет
"Эсхатология христианства, то есть, такое понимание истории, которое связано с ожидание Страшного суда, была определена и разработана отцами церкви в I-III веках.",Нет
"Европейские мыслители уже в эпоху Ренессанса приходят к осознанию того, что свобода реализуется преобразование действительности.",Да
Основу исторического процесса составляет всё множество исторических фактов.,Нет
Современное понимание прогресса предложил Н. Кондорсе еще в XVIII веке: прогресс – это поступательное движение человечества от простых форм социальной организации к более сложным.,Да
"Согласно Ж.-Ж.Руссо, собственность является явлением, спонтанно возникающим в определенный момент развития общества.",Нет
"По мнению Ж.-Ж.Руссо, вероятно, что языки возникли на островах, а потом были распространены среди жителей материка.",Да
"Первым шагом к общественному неравенству, по мнению Ж.-Ж.Руссо, явилось общественное уважением, которое сопровождало тех людей, которые лучше других что-либо делали.",Да
"По Ж.-Ж.Руссо наилучшим временем для человека и человеческого общества был период естественный, когда доброта и изначальная кротость сопровождали любое начинание человека, когда морали в ее современном понимании еще не было.",Нет
"Ж.-Ж.Руссо утверждает, что неизбежным следствием обработки земли в земледелии является ее обеднение и уничтожение.",Нет
"Ж.-Ж.Руссо утверждает, что вслед за появлением имущественного неравенства идут беззаконие и беды, которые делают людей злыми.",Да
"Особенность подхода Жана Бодрийяра к потреблению в современной культуре в том, что оно обеспечивает удовлетворение потребностей отдельного человека.",Нет
"Ж.Бодрийяр утверждает, что реальный предмет повседневного опыта не имеет значения в современной культуре.",Да
"В анализе Ж.Бодрийяра выясняется, что подарок как символический предмет выражает собой положительное, эмоционально-позитивное отношение человека к человеку.",Нет
"По Ж.Бодрийяру, можно говорить о том, что знаки сами обмениваются друг с другом без участия человека.",Да
"Ж.Бодрийяр утверждает, что предмет потребления должен обязательно сохранять свою функцию, характеристики, влияющие на его использование человеком.",Да
"Ж.Бодрийяр делает вывод, что предмет потребления в современной культуре существует отдельно от общества в неком собственном мире знаков.",Нет
"Выясняя различие наук о природе и наук о культуре, Г. Риккерт вначале указывает на основной принцип их разделения, а потом объясняет различие в предметах этих наук.",Нет
"Особенность ценностей, по Г. Риккерту, в том, что мы не можем сказать, существуют они или нет, а только – имеют они значение или не имеют.",Нет
"Согласно Г.Риккерту, между природой и культурой существует связь – это воспринимающее ценности психическое существо.",Да
"По Г.Риккерту, основное смысл выражения ""духовные ценности"" заложен в понимании того, что они духовные.",Нет
Г.Риккерт подвергает критике теорию познания как отражения.,Да
"Кант отталкивается от мысли Бенжамена Констана, утверждавшего, что правду следует говорить всем при любых обстоятельствах.",Нет
"Один из вопросов, который ставит Кант, таков: можно ли лгать, если мы не можем уклониться от ответа",Да
"С точки зрения Канта, принимая решение о том, солгать или нет, я должен помнить о том вреде, который может нанести моя ложь конкретному человеку",Нет
"И.Кант занимает такую крайнюю позицию по отношению ко лжи, согласно которой она никогда не может быть оправдана.",Да
Порядок человеческого бытия носит общественный характер и представляет собой систему...,взаимодействий между людьми
Во взаимодействии человека с другими людьми формируются:,"сознание, речь, трудовые навыки"
"Социальный номинализм предполагает, что общество является:","том, что деятельность человека никогда не бывает индивидуальной"
"В список базовых общих потребностей, благодаря которым жизнь людей актуализируется в виде различных форм совместной деятельности, не входит потребность в...",самореализации
В сферы общественной жизни входят:,"все, кроме творческой (экономическая; творческая; духовная; все, кроме экономической; все, кроме духовной)"
"Социальное расслоение возникает после того как появились излишки продукта, присваиваемые некоторыми общинниками. Это зависело от...",совершенствования технологий производства
Политическая сфера может быть оформлена только когда,возникла необходимость разрешения социально-стратовых противоречий
"Духовный опыт человека может определять идейно-смысловое, ценностное единство общества, благодаря которому экономические, социальные и политические различия...",примиряются
"По мнению автора, духовный опыт помогает раскрыть представления об основных идеалах, имеющих...",универсальную значимость для общества
Социальный институт – это,"все вышеперечисленное (универсальная форма отношений между людьми, составляющая структуру общества, механизм воспроизводства и поддержания социальных отношений; совокупность норм и правил, закрепленная в традициях; способ взаимоотношений людей, основанный на следовании культурным правилам)"
"Аристотель утверждал, что семья – это","общение, естественным путем возникшее для удовлетворения повседневных надобностей"
Первым семью в экономическом и индивидуалистическом понимании истолковал:,Дж. Локк
Частная индивидуальная собственность получила распространение начиная с...,XVIII века
Собственность – это исторически сложившиеся отношения между людьми но поводу...,присвоения и отчуждения жизненных благ
Роль государства – обеспечение...,безопасности и устойчивости общества
"Непременным условием устойчивости, и безопасности общества является:","согласование интересов множества групп, различных по роду деятельности, ценностям, образу жизни"
"Государство – сила, удерживающая людей от худших их проявлений. Так считал:",никто из вышеперечисленных (С.Франк; В. Соловьев; К. Маркс)
Впервые церковь институализируется во времена:,упадка Римской империи
"Решающим фактором, который определяет уникальность является:","преображающая сила народного духа социокультурного организма,"
Существует следующая стратификационная система:,все вышеперечисленное (кастовая; рабовладельческая; классовая)
"Договор, согласно Т. Гоббсу, считается нарушенным, если:","имеет место несправедливость, т.е. невыполнение его условий"
"Согласно Т.Гоббсу, определение справедливости, данное схоластами, гласит, что она является:",волей дать каждому его собственность
"По Т.Гоббсу, началом справедливости служит соглашение. А началом благодарности?",милость
"Согласно Ж.-Ж.Руссо, люди могли получить понятие о взаимных обязательствах только тогда, когда:",человек научился объединяться с одними и остерегаться других людей
"Ж.-Ж.Руссо утверждает, что древние люди сами «надели ярмо» на себя и своихпотомков, доставляя себе разнообразные удобства,...:",которые стало мучительно потерять
"Ж.-Ж.Руссо говорит, что не может быть причинен ущерб там, где отсутствует собственность, и называет это:",аксиомой Локка
"Ж.-Ж.Руссо считает, что равенство исчезло, и появилась собственность только тогда, когда:",один человек стал нуждаться в помощи другого
"В число важнейших аспектов существования семьи, по Гегелю, входят:",все вышеперечисленное (собственность и имущество семьи; воспитание детей и их последующий уход из семьи; брак как таковой)
"Гегель считает, что исходным пунктом брака является свободное согласие лиц составить одно лицо (семью), при этом:",теряется единичная личность каждого
"Гегель считает, что женщина может быть образованной, однако:","она не способна обладать идеальным, не способна воспринимать философию и некоторые высшие науки"
Ф.Энгельс приводит пример «родового» строя. Это:,индейцы Америки
"Согласно Ф.Энгельсу, потребность в деньгах возникает тогда, когда:","появляется товар, посредством которого оценивались все другие"
"Энгельс пишет, что первым возникшим классом, который появился с возникновением цивилизации, и не был напрямую связан с производством, был:",класс купцов
"По Ф.Энгельсу, налоги возникают там, где, в силу раскола общества на классы, необходимо:",обеспечивать публичную власть
"Х. Ортега-и-Гассет полагает, что нет вечных истин, потому что понимание истин меняется в ходе развития человечества.",Нет
"Согласно Х. Ортега-и-Гассету, истинные законы мира никак не связано со временем,эпохами человеческой истории.",Да
"По Х. Ортега-и-Гассету, философия, как и все остальные науки, исследует то, что в самом общем смысле известно.",Нет
"Х. Ортега-и-Гассет полагал, что надёжность экспериментально полученных знаний позволяет науке решать серьёзные смысложизненные вопросы.",Нет
"Согласно Х. Ортега-и-Гассету, европейскую науку в определенном смысле можно рассматривать как разновидность мифа",Да
"Слова «этика», «мораль» и «нравственность» имеют совершенно разные значения и не могут использоваться взаимозаменяемо.",Нет
"Единственным адекватным аргументом против золотого правила нравственности является то, что тогда человек, которому нравится испытывать страдания, будет считать допустимым причинять их другим.",Нет
Категория зла связана с идеей совершенствования человека.,Да
"Согласно Аристотелю, человек – разумное существо, поэтому у него не может быть характеристик, общих с животными.",Нет
"В этике Аристотеля такие качества, как рассудительность и мудрость, тоже относятся к добродетелям.",Да
Кантовское понимание автономии человека как нравственного существа значит способность самому предписывать себе моральный закон.,Да
"Дж.Э. Мур бросил истории этики обвинение в «натуралистической ошибке» и тем самым упрекнул ее в ненаучности и бессмысленности. Под «натуралистической ошибкой» понимается убеждение, что нравственность должна происходить из природы человека.",Нет
У Н. Лумана постановка вопроса о производстве мира посредством масс медиа связано с проблемой возникновения особого типа общества.,Да
"Н.Луман утверждает, что особенностью масс-медиа выступает четкое различение фактологического и нормативного (морального) описания, что отражается, например, на журналистской этике.",Нет
"Н.Луман полагает, что различие содержания и метода сообщения поможет раскрыть манипуляции с информацией.",Нет
"Луман указывает на то, что особенность подачи информации в новостях в том, что они все время производят проблемы и острые вопросы.",Да
"Н.Луман делает вывод, что ценности солидарности, мира и сотрудничества – вот что вечно и не зависит от методов передачи информации.",Нет
"Для современной культуры, приходит к выводу Н.Луман, характерно внимание не только к правдоподобности, истинности или ложности информации, но также к тому, кто ее передает.",Да
"Н.Луман утверждает, что, несмотря на повсеместное развитие культуры масс-медиа, основные понятия о свободе остаются неизменными.",Да
К области эстетики относится вопрос:,является ли красота свойством самой вещи или объективно прекрасного или безобразного не существует?
Античное представление о гармонии подразумевало,"совершенное соотношение, соразмерность частей предмета и всего мироздания"
"Понятие о гармонии вещи исходит из предпосылки, что",вещи могут иметь объективные эстетические свойства
"Точка зрения, согласно которой красота – не свойство предмета, а определенноеотношение к нему, связано с такой категорией, как",вкус
"Основное произведение И. Канта, посвященное эстетике и философии искусства (в современном их понимании) является:",«Критика способности суждения»
"С точки зрения И. Канта, суть эстетического отношения к предмету в",нашей в нем незаинтересованности
"Эстетический опыт ближе всего к такому типу опыта, как",опыт любви
Какое из перечисленных качеств характерно для эстетического опыта?,уникальность переживаний
Какое из данных суждений справедливо относительно эстетического опыта?,"для эстетического опыта не требуется, чтобы чувственные данные были представлены в полном виде и были соотносимым с тем или иным реальным объектом"
Каково соотношение эстетического опыта и художественного опыта?,художественный опыт – разновидность эстетического
"Утверждение, что для эстетического опыта важна форма воспринимаемых нами чувственных данных, значит:","эстетический опыт образуется тогда, когда внимание обращается к тому, как представлены нам те или иные чувственные данные"
"Наиболее важными направлениями в современной эстетике, исследующим структуру эстетического опыта, являются:",обе эти традиции (аналитическая философия; феноменология; ни одна из них)
"Представителем эстетики XX в., утверждавшим, что для эстетического опыта характерны интенсивность, внутренняя согласованность и стремление к завершенности, был",М.Бердсли
"Основанием для эстетического опыта являются чувственные объективные ощущения. Однако, как указывал, например, М.Бердсли их одних недостаточно, они должны дополняться:",субъективным переживанием
"Р.Ингарден утверждает, что эстетический опыт начинается со своеобразного игнорирования вопроса о реальности предметов. Это делается философом для того, чтобы:",отличить эстетическое отношение к предмету от познавательного
Какое суждение о строении эстетического опыта верно?,эстетический опыт является сложным процессом с характерным для него строением
"Эстетическая реакция, реакция на эстетический опыт может принимать:",вербальные и невербальные формы
"Эстетические реакции, выраженные в форме восклицаний «Ах!» и «Это прекрасно!» с точки зрения содержания отличаются тем, что:","одна из них содержит слова, термины, давно ставшие эстетическими категориями («прекрасное»), а другая – нет"
Какое из перечисленных свойств не принадлежит эстетическим категориям?,идея причинно-следственной связи между явлениями
Какая эстетическая категория может считаться основной?,«прекрасное»
Сколько фаз эстетического опыта выделял Роман Ингарден?,5
"Какова, по Р. Ингардену, роль реального предмета для эстетического переживания?",эстетическое переживание иногда начинается c наблюдения реального предмета
"Р. Ингарден считал, что","оба ответа верные (реальность объекта не является необходимой для процесса эстетического переживания; реальность объекта не является причиной того, что в эстетическом переживании нам что-то нравится или не нравится; оба ответа неверные)"
"Согласно Р. Ингардену, для эстетического восприятия",допустимо придумывать отсутствующие у объекта качества
"Согласно И.Канту, говоря, что предмет красив, мы, на самом деле:",говорим о субъекте и его чувстве удовольствия
"И.Кант утверждает, что для того, чтобы считать нечто прекрасным, нам требуется","ничто из перечисленного выше (знать, средством для чего может быть этот предмет; знать, каким должен быть данный предмет в идеале; понимать причины, вызвавшие возникновение данного предмета)"
"Согласно И.Канту, существует три вида заинтересованного отношения человека к вещи. Какое из них он называет наиболее свободным?","прекрасное; то, что просто нравится"
И.Кант формулирует следующее определение прекрасного:,"вещь, о которой мы судим без всякого интереса"
К первому виду «перепадов» в развитии идеи Красоты в массмедиа У.Эко относит:,разнообразие соседствующих моделей красоты в каждый период
"Согласно У. Эко, в 20-30-ее годы отношение массмедиа к идеалам Красоты характеризуется:","заимствованием идеалов, поставляемых элитарным искусством"
"Элементы ритуальности, мистериальности У. Эко видит в",во всем вышеперечисленном (хеппенингах; дискотеках; рок-концертах)
"Единственным направлением авангардного искусства, которое наследует идее геометрической гармонии, У.Эко называет:",абстрактное искусство
Элементом эстетического сознания является:,все вышеперечисленное (эстетические эмоции и переживания; эстетические суждения; эстетическое наслаждение)
Господство рационализма и прагматизма в современной эстетике связано:,с рационализмом и герменевтическим дискурсом кураторов и искусствоведов
